ID_Code,dry_wt
DKF231124AGACAP_20C_sample_1,0.06
DKF231124AGACAP_20C_sample_2,0.04
DKF231124AGACAP_20C_sample_3,0.03
DKF231124AGACAP_20C_sample_4,0.04
DKF231124AGACAP_20C_sample_5,0.03
DKF231124AGACAP_20C_sample_6,0.09
DKF231124AGACAP_25C_sample_1,0.05
DKF231124AGACAP_25C_sample_2,0.05
DKF231124AGACAP_25C_sample_3,0.04
DKF231124AGACAP_25C_sample_4,0.02
DKF231124AGACAP_25C_sample_5,0.1
DKF231124AGACAP_25C_sample_6,0.06
DKF231124AGACAP_35C_sample_1,0.03
DKF231124AGACAP_35C_sample_2,0.04
DKF231124AGACAP_35C_sample_3,0.05
DKF231124AGACAP_35C_sample_4,0.03
DKF231124AGACAP_35C_sample_5,0.06
DKF231124AGACAP_35C_sample_6,0.09
DKF231124AGACAP_40C_sample_1,0.04
DKF231124AGACAP_40C_sample_2,0.07
DKF231124AGACAP_40C_sample_3,0.03
DKF231124AGACAP_40C_sample_4,0.04
DKF231124AGACAP_40C_sample_5,0.1
DKF231124AGACAP_40C_sample_6,0.05
DKF231124ASPSHA_20C_sample_1,0.46
DKF231124ASPSHA_20C_sample_2,0.45
DKF231124ASPSHA_20C_sample_3,1.41
DKF231124ASPSHA_20C_sample_4,0.48
DKF231124ASPSHA_20C_sample_5,0.55
DKF231124ASPSHA_20C_sample_6,0.95
DKF231124ASPSHA_25C_sample_1,0.6
DKF231124ASPSHA_25C_sample_2,0.54
DKF231124ASPSHA_25C_sample_3,0.21
DKF231124ASPSHA_25C_sample_4,0.4
DKF231124ASPSHA_25C_sample_5,0.99
DKF231124ASPSHA_25C_sample_6,0.65
DKF231124ASPSHA_35C_sample_1,0.24
DKF231124ASPSHA_35C_sample_2,1.23
DKF231124ASPSHA_35C_sample_3,0.28
DKF231124ASPSHA_35C_sample_4,0.54
DKF231124ASPSHA_35C_sample_5,0.27
DKF231124ASPSHA_35C_sample_6,1.06
DKF231124ASPSHA_40C_sample_1,0.27
DKF231124ASPSHA_40C_sample_2,0.63
DKF231124ASPSHA_40C_sample_3,0.22
DKF231124ASPSHA_40C_sample_4,0.95
DKF231124ASPSHA_40C_sample_5,0.43
DKF231124ASPSHA_40C_sample_6,0.25
DKF231124LOBDEC_20C_sample_1,0.42
DKF231124LOBDEC_20C_sample_2,0.61
DKF231124LOBDEC_20C_sample_3,0.77
DKF231124LOBDEC_20C_sample_4,0.48
DKF231124LOBDEC_20C_sample_5,0.05
DKF231124LOBDEC_20C_sample_6,0.18
DKF231124LOBDEC_25C_sample_1,0.64
DKF231124LOBDEC_25C_sample_2,0.74
DKF231124LOBDEC_25C_sample_3,0.93
DKF231124LOBDEC_25C_sample_4,0.23
DKF231124LOBDEC_25C_sample_5,0.34
DKF231124LOBDEC_25C_sample_6,0.13
DKF231124LOBDEC_35C_sample_1,0.61
DKF231124LOBDEC_35C_sample_2,0.65
DKF231124LOBDEC_35C_sample_3,0.87
DKF231124LOBDEC_35C_sample_4,0.23
DKF231124LOBDEC_35C_sample_5,0.51
DKF231124LOBDEC_35C_sample_6,0.53
DKF231124LOBDEC_40C_sample_1,0.24
DKF231124LOBDEC_40C_sample_2,0.46
DKF231124LOBDEC_40C_sample_3,1.1
DKF231124LOBDEC_40C_sample_4,0.5
DKF231124LOBDEC_40C_sample_5,0.16
DKF231124LOBDEC_40C_sample_6,0.13
DKF231124PROLOR_20C_sample_1,1.91
DKF231124PROLOR_20C_sample_2,2.1
DKF231124PROLOR_20C_sample_3,1.2
DKF231124PROLOR_20C_sample_4,0.97
DKF231124PROLOR_20C_sample_5,3.09
DKF231124PROLOR_20C_sample_6,0.89
DKF231124PROLOR_25C_sample_1,1.65
DKF231124PROLOR_25C_sample_2,2.4
DKF231124PROLOR_25C_sample_3,1.6
DKF231124PROLOR_25C_sample_4,2.14
DKF231124PROLOR_25C_sample_5,2.06
DKF231124PROLOR_25C_sample_6,0.88
DKF231124PROLOR_35C_sample_1,1.76
DKF231124PROLOR_35C_sample_2,3.15
DKF231124PROLOR_35C_sample_3,0.78
DKF231124PROLOR_35C_sample_4,2.08
DKF231124PROLOR_35C_sample_5,3.2
DKF231124PROLOR_35C_sample_6,0.59
DKF231124PROLOR_40C_sample_1,0.75
DKF231124PROLOR_40C_sample_2,1.94
DKF231124PROLOR_40C_sample_3,1.56
DKF231124PROLOR_40C_sample_4,1
DKF231124PROLOR_40C_sample_5,2.33
DKF231124PROLOR_40C_sample_6,1.72
DKF231124PROREP_20C_sample_1,0.09
DKF231124PROREP_20C_sample_2,0.08
DKF231124PROREP_20C_sample_3,0.1
DKF231124PROREP_20C_sample_4,0.05
DKF231124PROREP_20C_sample_5,0.14
DKF231124PROREP_20C_sample_6,0.2
DKF231124PROREP_25C_sample_1,0.08
DKF231124PROREP_25C_sample_2,0.09
DKF231124PROREP_25C_sample_3,0.28
DKF231124PROREP_25C_sample_4,0.13
DKF231124PROREP_25C_sample_5,0.06
DKF231124PROREP_25C_sample_6,0.2
DKF231124PROREP_35C_sample_1,0.1
DKF231124PROREP_35C_sample_2,0.07
DKF231124PROREP_35C_sample_3,0.04
DKF231124PROREP_35C_sample_4,0.09
DKF231124PROREP_35C_sample_5,0.06
DKF231124PROREP_35C_sample_6,0.23
DKF231124PROREP_40C_sample_1,0.09
DKF231124PROREP_40C_sample_2,0.06
DKF231124PROREP_40C_sample_3,0.32
DKF231124PROREP_40C_sample_4,0.07
DKF231124PROREP_40C_sample_5,0.06
DKF231124PROREP_40C_sample_6,0.18
DKF231124SELDOL_20C_sample_1,0.25
DKF231124SELDOL_20C_sample_2,0.22
DKF231124SELDOL_20C_sample_3,0.13
DKF231124SELDOL_20C_sample_4,0.14
DKF231124SELDOL_20C_sample_5,0.25
DKF231124SELDOL_20C_sample_6,0.15
DKF231124SELDOL_25C_sample_1,0.12
DKF231124SELDOL_25C_sample_2,0.25
DKF231124SELDOL_25C_sample_3,0.18
DKF231124SELDOL_25C_sample_4,0.21
DKF231124SELDOL_25C_sample_5,0.13
DKF231124SELDOL_25C_sample_6,0.11
DKF231124SELDOL_35C_sample_1,0.14
DKF231124SELDOL_35C_sample_2,0.24
DKF231124SELDOL_35C_sample_3,0.17
DKF231124SELDOL_35C_sample_4,0.22
DKF231124SELDOL_35C_sample_5,0.2
DKF231124SELDOL_35C_sample_6,0.2
DKF231124SELDOL_40C_sample_1,0.18
DKF231124SELDOL_40C_sample_2,0.21
DKF231124SELDOL_40C_sample_3,0.24
DKF231124SELDOL_40C_sample_4,0.22
DKF231124SELDOL_40C_sample_5,0.21
DKF231124SELDOL_40C_sample_6,0.2
DKR231027ELYRHI_20C_sample_1,0.66
DKR231027ELYRHI_20C_sample_2,1.46
DKR231027ELYRHI_20C_sample_3,1.31
DKR231027ELYRHI_20C_sample_4,0.82
DKR231027ELYRHI_20C_sample_5,2.01
DKR231027ELYRHI_20C_sample_6,0.86
DKR231027ELYRHI_25C_sample_1,1.49
DKR231027ELYRHI_25C_sample_2,2.46
DKR231027ELYRHI_25C_sample_3,0.24
DKR231027ELYRHI_25C_sample_4,0.61
DKR231027ELYRHI_25C_sample_5,0.45
DKR231027ELYRHI_25C_sample_6,2.06
DKR231027ELYRHI_35C_sample_1,0.35
DKR231027ELYRHI_35C_sample_2,0.6
DKR231027ELYRHI_35C_sample_3,0.33
DKR231027ELYRHI_35C_sample_4,0.96
DKR231027ELYRHI_35C_sample_5,1.05
DKR231027ELYRHI_35C_sample_6,0.41
DKR231027ELYRHI_40C_sample_1,0.18
DKR231027ELYRHI_40C_sample_2,0.57
DKR231027ELYRHI_40C_sample_3,0.33
DKR231027ELYRHI_40C_sample_4,0.69
DKR231027ELYRHI_40C_sample_5,0.16
DKR231027ELYRHI_40C_sample_6,0.44
DKR231027OEDSQU_20C_sample_1,0.19
DKR231027OEDSQU_20C_sample_2,0.55
DKR231027OEDSQU_20C_sample_3,0.38
DKR231027OEDSQU_20C_sample_4,0.31
DKR231027OEDSQU_20C_sample_5,0.37
DKR231027OEDSQU_20C_sample_6,0.25
DKR231027OEDSQU_25C_sample_1,0.33
DKR231027OEDSQU_25C_sample_2,0.11
DKR231027OEDSQU_25C_sample_3,0.94
DKR231027OEDSQU_25C_sample_4,0.42
DKR231027OEDSQU_25C_sample_5,0.11
DKR231027OEDSQU_25C_sample_6,0.44
DKR231027OEDSQU_35C_sample_1,0.38
DKR231027OEDSQU_35C_sample_2,0.33
DKR231027OEDSQU_35C_sample_3,0.8
DKR231027OEDSQU_35C_sample_4,0.48
DKR231027OEDSQU_35C_sample_5,0.15
DKR231027OEDSQU_35C_sample_6,0.57
DKR231027OEDSQU_40C_sample_1,0.79
DKR231027OEDSQU_40C_sample_2,0.52
DKR231027OEDSQU_40C_sample_3,0.79
DKR231027OEDSQU_40C_sample_4,0.21
DKR231027OEDSQU_40C_sample_5,0.85
DKR231027OEDSQU_40C_sample_6,0.16
DKR231027PASOBT_20C_sample_1,0.07
DKR231027PASOBT_20C_sample_2,0.21
DKR231027PASOBT_20C_sample_3,0.21
DKR231027PASOBT_20C_sample_4,0.26
DKR231027PASOBT_20C_sample_5,0.12
DKR231027PASOBT_20C_sample_6,0.29
DKR231027PASOBT_25C_sample_1,0.25
DKR231027PASOBT_25C_sample_2,0.19
DKR231027PASOBT_25C_sample_3,0.23
DKR231027PASOBT_25C_sample_4,0.18
DKR231027PASOBT_25C_sample_5,0.12
DKR231027PASOBT_25C_sample_6,0.21
DKR231027PASOBT_35C_sample_1,0.16
DKR231027PASOBT_35C_sample_2,0.17
DKR231027PASOBT_35C_sample_3,0.23
DKR231027PASOBT_35C_sample_4,0.12
DKR231027PASOBT_35C_sample_5,0.15
DKR231027PASOBT_35C_sample_6,0.16
DKR231027PASOBT_40C_sample_1,0.17
DKR231027PASOBT_40C_sample_2,0.32
DKR231027PASOBT_40C_sample_3,0.25
DKR231027PASOBT_40C_sample_4,0.29
DKR231027PASOBT_40C_sample_5,0.16
DKR231027PASOBT_40C_sample_6,0.09
DKR231027PROLAU_20C_sample_1,0.62
DKR231027PROLAU_20C_sample_2,0.6
DKR231027PROLAU_20C_sample_3,0.52
DKR231027PROLAU_20C_sample_4,0.57
DKR231027PROLAU_20C_sample_5,0.63
DKR231027PROLAU_20C_sample_6,0.67
DKR231027PROLAU_25C_sample_1,0.7
DKR231027PROLAU_25C_sample_2,0.46
DKR231027PROLAU_25C_sample_3,0.58
DKR231027PROLAU_25C_sample_4,0.52
DKR231027PROLAU_25C_sample_5,0.61
DKR231027PROLAU_25C_sample_6,0.69
DKR231027PROLAU_35C_sample_1,0.51
DKR231027PROLAU_35C_sample_2,0.53
DKR231027PROLAU_35C_sample_3,0.55
DKR231027PROLAU_35C_sample_4,0.34
DKR231027PROLAU_35C_sample_5,0.54
DKR231027PROLAU_35C_sample_6,0.65
DKR231027PROLAU_40C_sample_1,0.56
DKR231027PROLAU_40C_sample_2,0.38
DKR231027PROLAU_40C_sample_3,0.52
DKR231027PROLAU_40C_sample_4,0.35
DKR231027PROLAU_40C_sample_5,0.5
DKR231027PROLAU_40C_sample_6,0.63
DKR231027RUSMUL_20C_sample_1,0.34
DKR231027RUSMUL_20C_sample_2,0.18
DKR231027RUSMUL_20C_sample_3,0.83
DKR231027RUSMUL_20C_sample_4,0.08
DKR231027RUSMUL_20C_sample_5,0.1
DKR231027RUSMUL_20C_sample_6,0.38
DKR231027RUSMUL_25C_sample_1,0.26
DKR231027RUSMUL_25C_sample_2,0.18
DKR231027RUSMUL_25C_sample_3,0.69
DKR231027RUSMUL_25C_sample_4,0.15
DKR231027RUSMUL_25C_sample_5,0.67
DKR231027RUSMUL_25C_sample_6,0.17
DKR231027RUSMUL_35C_sample_1,0.38
DKR231027RUSMUL_35C_sample_2,0.19
DKR231027RUSMUL_35C_sample_3,0.12
DKR231027RUSMUL_35C_sample_4,0.36
DKR231027RUSMUL_35C_sample_5,0.19
DKR231027RUSMUL_35C_sample_6,0.61
DKR231027RUSMUL_40C_sample_1,0.37
DKR231027RUSMUL_40C_sample_2,0.21
DKR231027RUSMUL_40C_sample_3,0.14
DKR231027RUSMUL_40C_sample_4,0.7
DKR231027RUSMUL_40C_sample_5,0.29
DKR231027RUSMUL_40C_sample_6,0.24
DKR231124CLURUB_20C_sample_1,0.03
DKR231124CLURUB_20C_sample_2,0.06
DKR231124CLURUB_20C_sample_3,0.03
DKR231124CLURUB_20C_sample_4,0.02
DKR231124CLURUB_20C_sample_5,0.06
DKR231124CLURUB_20C_sample_6,0.05
DKR231124CLURUB_25C_sample_1,0.03
DKR231124CLURUB_25C_sample_2,0.05
DKR231124CLURUB_25C_sample_3,0.03
DKR231124CLURUB_25C_sample_4,0.05
DKR231124CLURUB_25C_sample_5,0.04
DKR231124CLURUB_25C_sample_6,0.05
DKR231124CLURUB_35C_sample_1,
DKR231124CLURUB_35C_sample_2,0.07
DKR231124CLURUB_35C_sample_3,0.03
DKR231124CLURUB_35C_sample_4,0.03
DKR231124CLURUB_35C_sample_5,0.04
DKR231124CLURUB_35C_sample_6,0.03
DKR231124CLURUB_40C_sample_1,0.02
DKR231124CLURUB_40C_sample_2,0.07
DKR231124CLURUB_40C_sample_3,0.02
DKR231124CLURUB_40C_sample_4,0.05
DKR231124CLURUB_40C_sample_5,0.03
DKR231124CLURUB_40C_sample_6,0.02
DKR231124MICPOL_20C_sample_1,0.2
DKR231124MICPOL_20C_sample_2,0.08
DKR231124MICPOL_20C_sample_3,0.08
DKR231124MICPOL_20C_sample_4,0.1
DKR231124MICPOL_20C_sample_5,0.11
DKR231124MICPOL_20C_sample_6,0.07
DKR231124MICPOL_25C_sample_1,0.06
DKR231124MICPOL_25C_sample_2,0.05
DKR231124MICPOL_25C_sample_3,0.11
DKR231124MICPOL_25C_sample_4,0.19
DKR231124MICPOL_25C_sample_5,0.06
DKR231124MICPOL_25C_sample_6,0.08
DKR231124MICPOL_35C_sample_1,0.07
DKR231124MICPOL_35C_sample_2,0.14
DKR231124MICPOL_35C_sample_3,0.06
DKR231124MICPOL_35C_sample_4,0.07
DKR231124MICPOL_35C_sample_5,0.07
DKR231124MICPOL_35C_sample_6,0.07
DKR231124MICPOL_40C_sample_1,0.15
DKR231124MICPOL_40C_sample_2,0.19
DKR231124MICPOL_40C_sample_3,0.12
DKR231124MICPOL_40C_sample_4,0.13
DKR231124MICPOL_40C_sample_5,0.08
DKR231124MICPOL_40C_sample_6,0.08
DKR231124WAHNOD_20C_sample_1,0.06
DKR231124WAHNOD_20C_sample_2,0.13
DKR231124WAHNOD_20C_sample_3,0.05
DKR231124WAHNOD_20C_sample_4,0.07
DKR231124WAHNOD_20C_sample_5,0.04
DKR231124WAHNOD_20C_sample_6,0.06
DKR231124WAHNOD_25C_sample_1,0.08
DKR231124WAHNOD_25C_sample_2,0.03
DKR231124WAHNOD_25C_sample_3,0.08
DKR231124WAHNOD_25C_sample_4,0.07
DKR231124WAHNOD_25C_sample_5,0.05
DKR231124WAHNOD_25C_sample_6,0.05
DKR231124WAHNOD_35C_sample_1,0.11
DKR231124WAHNOD_35C_sample_2,0.02
DKR231124WAHNOD_35C_sample_3,0.07
DKR231124WAHNOD_35C_sample_4,0.04
DKR231124WAHNOD_35C_sample_5,0.07
DKR231124WAHNOD_35C_sample_6,0.04
DKR231124WAHNOD_40C_sample_1,0.13
DKR231124WAHNOD_40C_sample_2,0.06
DKR231124WAHNOD_40C_sample_3,0.05
DKR231124WAHNOD_40C_sample_4,0.06
DKR231124WAHNOD_40C_sample_5,
DKR231124WAHNOD_40C_sample_6,0.05
JKS240702ERIMON_40C_sample_1,0.63
JKS240702ERIMON_40C_sample_2,0.725
JKS240702ERIMON_40C_sample_3,0.652
JKS240702ERIMON_40C_sample_4,1.609
JKS240702ERIMON_40C_sample_5,0.619
JKS240702ERIMON_40C_sample_6,0.927
JKL240702PROREP_40C_sample_1,0.262
JKL240702PROREP_40C_sample_2,0.24
JKL240702PROREP_40C_sample_3,0.267
JKL240702PROREP_40C_sample_4,0.137
JKL240702PROREP_40C_sample_5,0.187
JKL240702PROREP_40C_sample_6,0.226
JKS240702PROREP_40C_sample_1,3.385
JKS240702PROREP_40C_sample_2,5.353
JKS240702PROREP_40C_sample_3,2.167
JKS240702PROREP_40C_sample_4,0.893
JKS240702PROREP_40C_sample_5,3.729
JKS240702PROREP_40C_sample_6,4.87
JKS240702CANCON_40C_sample_1,0.469
JKS240702CANCON_40C_sample_2,1.116
JKS240702CANCON_40C_sample_3,0.572
JKS240702CANCON_40C_sample_4,0.848
JKS240702CANCON_40C_sample_5,0.501
JKS240702CANCON_40C_sample_6,0.96
JKS240702ERIMON_35C_sample_1,1.482
JKS240702ERIMON_35C_sample_2,0.94
JKS240702ERIMON_35C_sample_3,0.314
JKS240702ERIMON_35C_sample_4,0.565
JKS240702ERIMON_35C_sample_5,1.667
JKS240702ERIMON_35C_sample_6,0.554
JKL240702PROREP_35C_sample_1,0.239
JKL240702PROREP_35C_sample_2,0.274
JKL240702PROREP_35C_sample_3,0.352
JKL240702PROREP_35C_sample_4,0.239
JKL240702PROREP_35C_sample_5,0.23
JKL240702PROREP_35C_sample_6,0.181
JKS240702PROREP_35C_sample_1,5.113
JKS240702PROREP_35C_sample_2,9.227
JKS240702PROREP_35C_sample_3,9.245
JKS240702PROREP_35C_sample_4,2.033
JKS240702PROREP_35C_sample_5,2.886
JKS240702PROREP_35C_sample_6,3.808
JKS240702CANCON_35C_sample_1,0.343
JKS240702CANCON_35C_sample_2,1.38
JKS240702CANCON_35C_sample_3,0.583
JKS240702CANCON_35C_sample_4,0.652
JKS240702CANCON_35C_sample_5,0.94
JKS240702CANCON_35C_sample_6,1.07
JKS240702ERIMON_20C_sample_1,1.505
JKS240702ERIMON_20C_sample_2,1.201
JKS240702ERIMON_20C_sample_3,1.438
JKS240702ERIMON_20C_sample_4,0.792
JKS240702ERIMON_20C_sample_5,1.173
JKS240702ERIMON_20C_sample_6,0.537
JKL240702PROREP_20C_sample_1,0.29
JKL240702PROREP_20C_sample_2,0.216
JKL240702PROREP_20C_sample_3,0.327
JKL240702PROREP_20C_sample_4,0.179
JKL240702PROREP_20C_sample_5,0.269
JKL240702PROREP_20C_sample_6,0.22
JKS240702PROREP_20C_sample_1,1.745
JKS240702PROREP_20C_sample_2,6.146
JKS240702PROREP_20C_sample_3,7.534
JKS240702PROREP_20C_sample_4,3.686
JKS240702PROREP_20C_sample_5,3.297
JKS240702PROREP_20C_sample_6,12.955
JKS240702CANCON_20C_sample_1,1.158
JKS240702CANCON_20C_sample_2,1.403
JKS240702CANCON_20C_sample_3,0.724
JKS240702CANCON_20C_sample_4,1.232
JKS240702CANCON_20C_sample_5,1.44
JKS240702CANCON_20C_sample_6,1.082
JKS240702ERIMON_25C_sample_1,0.496
JKS240702ERIMON_25C_sample_2,1.921
JKS240702ERIMON_25C_sample_3,0.812
JKS240702ERIMON_25C_sample_4,1.47
JKS240702ERIMON_25C_sample_5,1.117
JKS240702ERIMON_25C_sample_6,2.865
JKS240702PROREP_25C_sample_1,6.008
JKS240702PROREP_25C_sample_2,4.795
JKS240702PROREP_25C_sample_3,4.69
JKS240702PROREP_25C_sample_4,1.329
JKS240702PROREP_25C_sample_5,4.81
JKS240702PROREP_25C_sample_6,2.35
JKS240702CANCON_25C_sample_1,0.515
JKS240702CANCON_25C_sample_2,0.736
JKS240702CANCON_25C_sample_3,1.337
JKS240702CANCON_25C_sample_4,0.625
JKS240702CANCON_25C_sample_5,1.962
JKS240702CANCON_25C_sample_6,1.721
